<?xml version="1.0" encoding="UTF-8"?>
<GenRun Id="impl_1" LaunchPart="xc7a35tcpg236-1" LaunchTime="1732562354">
  <File Type="BITSTR-BMM" Name="mic_led_visualizer_bd.bmm"/>
  <File Type="OPT-METHODOLOGY-DRC" Name="mic_led_visualizer_methodology_drc_opted.rpt"/>
  <File Type="INIT-TIMING" Name="mic_led_visualizer_timing_summary_init.rpt"/>
  <File Type="ROUTE-PWR" Name="mic_led_visualizer_power_routed.rpt"/>
  <File Type="PA-TCL" Name="mic_led_visualizer.tcl"/>
  <File Type="OPT-TIMING" Name="mic_led_visualizer_timing_summary_opted.rpt"/>
  <File Type="OPT-DCP" Name="mic_led_visualizer_opt.dcp"/>
  <File Type="ROUTE-PWR-SUM" Name="mic_led_visualizer_power_summary_routed.pb"/>
  <File Type="REPORTS-TCL" Name="mic_led_visualizer_reports.tcl"/>
  <File Type="OPT-DRC" Name="mic_led_visualizer_drc_opted.rpt"/>
  <File Type="OPT-HWDEF" Name="mic_led_visualizer.hwdef"/>
  <File Type="PWROPT-DCP" Name="mic_led_visualizer_pwropt.dcp"/>
  <File Type="PWROPT-DRC" Name="mic_led_visualizer_drc_pwropted.rpt"/>
  <File Type="PWROPT-TIMING" Name="mic_led_visualizer_timing_summary_pwropted.rpt"/>
  <File Type="PLACE-DCP" Name="mic_led_visualizer_placed.dcp"/>
  <File Type="PLACE-IO" Name="mic_led_visualizer_io_placed.rpt"/>
  <File Type="PLACE-CLK" Name="mic_led_visualizer_clock_utilization_placed.rpt"/>
  <File Type="PLACE-UTIL" Name="mic_led_visualizer_utilization_placed.rpt"/>
  <File Type="PLACE-UTIL-PB" Name="mic_led_visualizer_utilization_placed.pb"/>
  <File Type="PLACE-CTRL" Name="mic_led_visualizer_control_sets_placed.rpt"/>
  <File Type="PLACE-SIMILARITY" Name="mic_led_visualizer_incremental_reuse_placed.rpt"/>
  <File Type="PLACE-PRE-SIMILARITY" Name="mic_led_visualizer_incremental_reuse_pre_placed.rpt"/>
  <File Type="PLACE-TIMING" Name="mic_led_visualizer_timing_summary_placed.rpt"/>
  <File Type="POSTPLACE-PWROPT-DCP" Name="mic_led_visualizer_postplace_pwropt.dcp"/>
  <File Type="BG-BIN" Name="mic_led_visualizer.bin"/>
  <File Type="POSTPLACE-PWROPT-TIMING" Name="mic_led_visualizer_timing_summary_postplace_pwropted.rpt"/>
  <File Type="PHYSOPT-DCP" Name="mic_led_visualizer_physopt.dcp"/>
  <File Type="PHYSOPT-DRC" Name="mic_led_visualizer_drc_physopted.rpt"/>
  <File Type="BITSTR-MSK" Name="mic_led_visualizer.msk"/>
  <File Type="PHYSOPT-TIMING" Name="mic_led_visualizer_timing_summary_physopted.rpt"/>
  <File Type="ROUTE-ERROR-DCP" Name="mic_led_visualizer_routed_error.dcp"/>
  <File Type="ROUTE-DCP" Name="mic_led_visualizer_routed.dcp"/>
  <File Type="ROUTE-BLACKBOX-DCP" Name="mic_led_visualizer_routed_bb.dcp"/>
  <File Type="ROUTE-DRC" Name="mic_led_visualizer_drc_routed.rpt"/>
  <File Type="ROUTE-DRC-PB" Name="mic_led_visualizer_drc_routed.pb"/>
  <File Type="ROUTE-DRC-RPX" Name="mic_led_visualizer_drc_routed.rpx"/>
  <File Type="BITSTR-MMI" Name="mic_led_visualizer.mmi"/>
  <File Type="ROUTE-METHODOLOGY-DRC" Name="mic_led_visualizer_methodology_drc_routed.rpt"/>
  <File Type="ROUTE-METHODOLOGY-DRC-RPX" Name="mic_led_visualizer_methodology_drc_routed.rpx"/>
  <File Type="ROUTE-METHODOLOGY-DRC-PB" Name="mic_led_visualizer_methodology_drc_routed.pb"/>
  <File Type="ROUTE-PWR-RPX" Name="mic_led_visualizer_power_routed.rpx"/>
  <File Type="ROUTE-STATUS" Name="mic_led_visualizer_route_status.rpt"/>
  <File Type="ROUTE-STATUS-PB" Name="mic_led_visualizer_route_status.pb"/>
  <File Type="ROUTE-TIMINGSUMMARY" Name="mic_led_visualizer_timing_summary_routed.rpt"/>
  <File Type="ROUTE-TIMING-PB" Name="mic_led_visualizer_timing_summary_routed.pb"/>
  <File Type="ROUTE-TIMING-RPX" Name="mic_led_visualizer_timing_summary_routed.rpx"/>
  <File Type="ROUTE-SIMILARITY" Name="mic_led_visualizer_incremental_reuse_routed.rpt"/>
  <File Type="ROUTE-CLK" Name="mic_led_visualizer_clock_utilization_routed.rpt"/>
  <File Type="ROUTE-BUS-SKEW" Name="mic_led_visualizer_bus_skew_routed.rpt"/>
  <File Type="ROUTE-BUS-SKEW-PB" Name="mic_led_visualizer_bus_skew_routed.pb"/>
  <File Type="ROUTE-BUS-SKEW-RPX" Name="mic_led_visualizer_bus_skew_routed.rpx"/>
  <File Type="POSTROUTE-PHYSOPT-DCP" Name="mic_led_visualizer_postroute_physopt.dcp"/>
  <File Type="POSTROUTE-PHYSOPT-BLACKBOX-DCP" Name="mic_led_visualizer_postroute_physopt_bb.dcp"/>
  <File Type="POSTROUTE-PHYSOPT-TIMING" Name="mic_led_visualizer_timing_summary_postroute_physopted.rpt"/>
  <File Type="POSTROUTE-PHYSOPT-TIMING-PB" Name="mic_led_visualizer_timing_summary_postroute_physopted.pb"/>
  <File Type="POSTROUTE-PHYSOPT-TIMING-RPX" Name="mic_led_visualizer_timing_summary_postroute_physopted.rpx"/>
  <File Type="POSTROUTE-PHYSOPT-BUS-SKEW" Name="mic_led_visualizer_bus_skew_postroute_physopted.rpt"/>
  <File Type="POSTROUTE-PHYSOPT-BUS-SKEW-PB" Name="mic_led_visualizer_bus_skew_postroute_physopted.pb"/>
  <File Type="BG-BIT" Name="mic_led_visualizer.bit"/>
  <File Type="POSTROUTE-PHYSOPT-BUS-SKEW-RPX" Name="mic_led_visualizer_bus_skew_postroute_physopted.rpx"/>
  <File Type="BITSTR-RBT" Name="mic_led_visualizer.rbt"/>
  <File Type="BITSTR-NKY" Name="mic_led_visualizer.nky"/>
  <File Type="PDI-FILE" Name="mic_led_visualizer.pdi"/>
  <File Type="RCFI_FILE" Name="mic_led_visualizer.rcfi"/>
  <File Type="CFI_FILE" Name="mic_led_visualizer.cfi"/>
  <File Type="RNPI_FILE" Name="mic_led_visualizer.rnpi"/>
  <File Type="NPI_FILE" Name="mic_led_visualizer.npi"/>
  <File Type="RBD_FILE" Name="mic_led_visualizer.rbd"/>
  <File Type="BITSTR-LTX" Name="debug_nets.ltx"/>
  <File Type="BITSTR-LTX" Name="mic_led_visualizer.ltx"/>
  <File Type="BITSTR-SYSDEF" Name="mic_led_visualizer.sysdef"/>
  <File Type="BG-BGN" Name="mic_led_visualizer.bgn"/>
  <File Type="BG-DRC" Name="mic_led_visualizer.drc"/>
  <File Type="RDI-RDI" Name="mic_led_visualizer.vdi"/>
  <File Type="WBT-USG" Name="usage_statistics_webtalk.html"/>
  <FileSet Name="sources" Type="DesignSrcs" RelSrcDir="$PSRCDIR/sources_1">
    <Filter Type="Srcs"/>
    <File Path="$PSRCDIR/sources_1/new/inmp441.v">
      <FileInfo>
        <Attr Name="UsedIn" Val="synthesis"/>
        <Attr Name="UsedIn" Val="implementation"/>
        <Attr Name="UsedIn" Val="simulation"/>
      </FileInfo>
    </File>
    <File Path="$PSRCDIR/sources_1/new/toplevel.v">
      <FileInfo>
        <Attr Name="UsedIn" Val="synthesis"/>
        <Attr Name="UsedIn" Val="implementation"/>
        <Attr Name="UsedIn" Val="simulation"/>
      </FileInfo>
    </File>
    <Config>
      <Option Name="DesignMode" Val="RTL"/>
      <Option Name="TopModule" Val="mic_led_visualizer"/>
      <Option Name="TopAutoSet" Val="TRUE"/>
    </Config>
  </FileSet>
  <FileSet Name="constrs_in" Type="Constrs" RelSrcDir="$PSRCDIR/constrs_1">
    <Filter Type="Constrs"/>
    <File Path="$PSRCDIR/constrs_1/new/mic.xdc">
      <FileInfo>
        <Attr Name="UsedIn" Val="synthesis"/>
        <Attr Name="UsedIn" Val="implementation"/>
      </FileInfo>
    </File>
    <Config>
      <Option Name="TargetConstrsFile" Val="$PSRCDIR/constrs_1/new/mic.xdc"/>
      <Option Name="ConstrsType" Val="XDC"/>
    </Config>
  </FileSet>
  <FileSet Name="utils" Type="Utils" RelSrcDir="$PSRCDIR/utils_1">
    <Filter Type="Utils"/>
    <Config>
      <Option Name="TopAutoSet" Val="TRUE"/>
    </Config>
  </FileSet>
  <Strategy Version="1" Minor="2">
    <StratHandle Name="Vivado Implementation Defaults" Flow="Vivado Implementation 2020">
      <Desc>Default settings for Implementation.</Desc>
    </StratHandle>
    <Step Id="init_design"/>
    <Step Id="opt_design"/>
    <Step Id="power_opt_design"/>
    <Step Id="place_design"/>
    <Step Id="post_place_power_opt_design"/>
    <Step Id="phys_opt_design"/>
    <Step Id="route_design"/>
    <Step Id="post_route_phys_opt_design"/>
    <Step Id="write_bitstream"/>
  </Strategy>
</GenRun>
