<?xml version="1.0" encoding="UTF-8"?>
<GenRun Id="impl_1" LaunchPart="xc7a35tcpg236-1" LaunchTime="1732199624">
  <File Type="BITSTR-BMM" Name="TopLevelModule_bd.bmm"/>
  <File Type="OPT-METHODOLOGY-DRC" Name="TopLevelModule_methodology_drc_opted.rpt"/>
  <File Type="INIT-TIMING" Name="TopLevelModule_timing_summary_init.rpt"/>
  <File Type="ROUTE-PWR" Name="TopLevelModule_power_routed.rpt"/>
  <File Type="PA-TCL" Name="TopLevelModule.tcl"/>
  <File Type="OPT-TIMING" Name="TopLevelModule_timing_summary_opted.rpt"/>
  <File Type="OPT-DCP" Name="TopLevelModule_opt.dcp"/>
  <File Type="ROUTE-PWR-SUM" Name="TopLevelModule_power_summary_routed.pb"/>
  <File Type="REPORTS-TCL" Name="TopLevelModule_reports.tcl"/>
  <File Type="OPT-DRC" Name="TopLevelModule_drc_opted.rpt"/>
  <File Type="OPT-HWDEF" Name="TopLevelModule.hwdef"/>
  <File Type="PWROPT-DCP" Name="TopLevelModule_pwropt.dcp"/>
  <File Type="PWROPT-DRC" Name="TopLevelModule_drc_pwropted.rpt"/>
  <File Type="PWROPT-TIMING" Name="TopLevelModule_timing_summary_pwropted.rpt"/>
  <File Type="PLACE-DCP" Name="TopLevelModule_placed.dcp"/>
  <File Type="PLACE-IO" Name="TopLevelModule_io_placed.rpt"/>
  <File Type="PLACE-CLK" Name="TopLevelModule_clock_utilization_placed.rpt"/>
  <File Type="PLACE-UTIL" Name="TopLevelModule_utilization_placed.rpt"/>
  <File Type="PLACE-UTIL-PB" Name="TopLevelModule_utilization_placed.pb"/>
  <File Type="PLACE-CTRL" Name="TopLevelModule_control_sets_placed.rpt"/>
  <File Type="PLACE-SIMILARITY" Name="TopLevelModule_incremental_reuse_placed.rpt"/>
  <File Type="PLACE-PRE-SIMILARITY" Name="TopLevelModule_incremental_reuse_pre_placed.rpt"/>
  <File Type="PLACE-TIMING" Name="TopLevelModule_timing_summary_placed.rpt"/>
  <File Type="POSTPLACE-PWROPT-DCP" Name="TopLevelModule_postplace_pwropt.dcp"/>
  <File Type="BG-BIN" Name="TopLevelModule.bin"/>
  <File Type="POSTPLACE-PWROPT-TIMING" Name="TopLevelModule_timing_summary_postplace_pwropted.rpt"/>
  <File Type="PHYSOPT-DCP" Name="TopLevelModule_physopt.dcp"/>
  <File Type="PHYSOPT-DRC" Name="TopLevelModule_drc_physopted.rpt"/>
  <File Type="BITSTR-MSK" Name="TopLevelModule.msk"/>
  <File Type="PHYSOPT-TIMING" Name="TopLevelModule_timing_summary_physopted.rpt"/>
  <File Type="ROUTE-ERROR-DCP" Name="TopLevelModule_routed_error.dcp"/>
  <File Type="ROUTE-DCP" Name="TopLevelModule_routed.dcp"/>
  <File Type="ROUTE-BLACKBOX-DCP" Name="TopLevelModule_routed_bb.dcp"/>
  <File Type="ROUTE-DRC" Name="TopLevelModule_drc_routed.rpt"/>
  <File Type="ROUTE-DRC-PB" Name="TopLevelModule_drc_routed.pb"/>
  <File Type="ROUTE-DRC-RPX" Name="TopLevelModule_drc_routed.rpx"/>
  <File Type="BITSTR-MMI" Name="TopLevelModule.mmi"/>
  <File Type="ROUTE-METHODOLOGY-DRC" Name="TopLevelModule_methodology_drc_routed.rpt"/>
  <File Type="ROUTE-METHODOLOGY-DRC-RPX" Name="TopLevelModule_methodology_drc_routed.rpx"/>
  <File Type="ROUTE-METHODOLOGY-DRC-PB" Name="TopLevelModule_methodology_drc_routed.pb"/>
  <File Type="ROUTE-PWR-RPX" Name="TopLevelModule_power_routed.rpx"/>
  <File Type="ROUTE-STATUS" Name="TopLevelModule_route_status.rpt"/>
  <File Type="ROUTE-STATUS-PB" Name="TopLevelModule_route_status.pb"/>
  <File Type="ROUTE-TIMINGSUMMARY" Name="TopLevelModule_timing_summary_routed.rpt"/>
  <File Type="ROUTE-TIMING-PB" Name="TopLevelModule_timing_summary_routed.pb"/>
  <File Type="ROUTE-TIMING-RPX" Name="TopLevelModule_timing_summary_routed.rpx"/>
  <File Type="ROUTE-SIMILARITY" Name="TopLevelModule_incremental_reuse_routed.rpt"/>
  <File Type="ROUTE-CLK" Name="TopLevelModule_clock_utilization_routed.rpt"/>
  <File Type="ROUTE-BUS-SKEW" Name="TopLevelModule_bus_skew_routed.rpt"/>
  <File Type="ROUTE-BUS-SKEW-PB" Name="TopLevelModule_bus_skew_routed.pb"/>
  <File Type="ROUTE-BUS-SKEW-RPX" Name="TopLevelModule_bus_skew_routed.rpx"/>
  <File Type="POSTROUTE-PHYSOPT-DCP" Name="TopLevelModule_postroute_physopt.dcp"/>
  <File Type="POSTROUTE-PHYSOPT-BLACKBOX-DCP" Name="TopLevelModule_postroute_physopt_bb.dcp"/>
  <File Type="POSTROUTE-PHYSOPT-TIMING" Name="TopLevelModule_timing_summary_postroute_physopted.rpt"/>
  <File Type="POSTROUTE-PHYSOPT-TIMING-PB" Name="TopLevelModule_timing_summary_postroute_physopted.pb"/>
  <File Type="POSTROUTE-PHYSOPT-TIMING-RPX" Name="TopLevelModule_timing_summary_postroute_physopted.rpx"/>
  <File Type="POSTROUTE-PHYSOPT-BUS-SKEW" Name="TopLevelModule_bus_skew_postroute_physopted.rpt"/>
  <File Type="POSTROUTE-PHYSOPT-BUS-SKEW-PB" Name="TopLevelModule_bus_skew_postroute_physopted.pb"/>
  <File Type="BG-BIT" Name="TopLevelModule.bit"/>
  <File Type="POSTROUTE-PHYSOPT-BUS-SKEW-RPX" Name="TopLevelModule_bus_skew_postroute_physopted.rpx"/>
  <File Type="BITSTR-RBT" Name="TopLevelModule.rbt"/>
  <File Type="BITSTR-NKY" Name="TopLevelModule.nky"/>
  <File Type="PDI-FILE" Name="TopLevelModule.pdi"/>
  <File Type="RCFI_FILE" Name="TopLevelModule.rcfi"/>
  <File Type="CFI_FILE" Name="TopLevelModule.cfi"/>
  <File Type="RNPI_FILE" Name="TopLevelModule.rnpi"/>
  <File Type="NPI_FILE" Name="TopLevelModule.npi"/>
  <File Type="RBD_FILE" Name="TopLevelModule.rbd"/>
  <File Type="BITSTR-LTX" Name="debug_nets.ltx"/>
  <File Type="BITSTR-LTX" Name="TopLevelModule.ltx"/>
  <File Type="BITSTR-SYSDEF" Name="TopLevelModule.sysdef"/>
  <File Type="BG-BGN" Name="TopLevelModule.bgn"/>
  <File Type="BG-DRC" Name="TopLevelModule.drc"/>
  <File Type="RDI-RDI" Name="TopLevelModule.vdi"/>
  <File Type="WBT-USG" Name="usage_statistics_webtalk.html"/>
  <FileSet Name="sources" Type="DesignSrcs" RelSrcDir="$PSRCDIR/sources_1">
    <Filter Type="Srcs"/>
    <File Path="$PSRCDIR/sources_1/new/clk_div.v">
      <FileInfo>
        <Attr Name="UsedIn" Val="synthesis"/>
        <Attr Name="UsedIn" Val="implementation"/>
        <Attr Name="UsedIn" Val="simulation"/>
      </FileInfo>
    </File>
    <File Path="$PSRCDIR/sources_1/new/end_game.v">
      <FileInfo>
        <Attr Name="UsedIn" Val="synthesis"/>
        <Attr Name="UsedIn" Val="implementation"/>
        <Attr Name="UsedIn" Val="simulation"/>
      </FileInfo>
    </File>
    <File Path="$PSRCDIR/sources_1/new/h_counter.v">
      <FileInfo>
        <Attr Name="UsedIn" Val="synthesis"/>
        <Attr Name="UsedIn" Val="implementation"/>
        <Attr Name="UsedIn" Val="simulation"/>
      </FileInfo>
    </File>
    <File Path="$PSRCDIR/sources_1/new/new_binary_score.v">
      <FileInfo>
        <Attr Name="UsedIn" Val="synthesis"/>
        <Attr Name="UsedIn" Val="implementation"/>
        <Attr Name="UsedIn" Val="simulation"/>
      </FileInfo>
    </File>
    <File Path="$PSRCDIR/sources_1/new/pixel_score_gen.v">
      <FileInfo>
        <Attr Name="UsedIn" Val="synthesis"/>
        <Attr Name="UsedIn" Val="implementation"/>
        <Attr Name="UsedIn" Val="simulation"/>
      </FileInfo>
    </File>
    <File Path="$PSRCDIR/sources_1/new/score_digit_rom.v">
      <FileInfo>
        <Attr Name="UsedIn" Val="synthesis"/>
        <Attr Name="UsedIn" Val="implementation"/>
        <Attr Name="UsedIn" Val="simulation"/>
      </FileInfo>
    </File>
    <File Path="$PSRCDIR/sources_1/new/start_game.v">
      <FileInfo>
        <Attr Name="UsedIn" Val="synthesis"/>
        <Attr Name="UsedIn" Val="implementation"/>
        <Attr Name="UsedIn" Val="simulation"/>
      </FileInfo>
    </File>
    <File Path="$PSRCDIR/sources_1/new/top_endscreen.v">
      <FileInfo>
        <Attr Name="UsedIn" Val="synthesis"/>
        <Attr Name="UsedIn" Val="implementation"/>
        <Attr Name="UsedIn" Val="simulation"/>
      </FileInfo>
    </File>
    <File Path="$PSRCDIR/sources_1/new/top_game.v">
      <FileInfo>
        <Attr Name="UsedIn" Val="synthesis"/>
        <Attr Name="UsedIn" Val="implementation"/>
        <Attr Name="UsedIn" Val="simulation"/>
      </FileInfo>
    </File>
    <File Path="$PSRCDIR/sources_1/new/top_startscreen.v">
      <FileInfo>
        <Attr Name="UsedIn" Val="synthesis"/>
        <Attr Name="UsedIn" Val="implementation"/>
        <Attr Name="UsedIn" Val="simulation"/>
      </FileInfo>
    </File>
    <File Path="$PSRCDIR/sources_1/new/v_counter.v">
      <FileInfo>
        <Attr Name="UsedIn" Val="synthesis"/>
        <Attr Name="UsedIn" Val="implementation"/>
        <Attr Name="UsedIn" Val="simulation"/>
      </FileInfo>
    </File>
    <File Path="$PSRCDIR/sources_1/new/vga_sync.v">
      <FileInfo>
        <Attr Name="UsedIn" Val="synthesis"/>
        <Attr Name="UsedIn" Val="implementation"/>
        <Attr Name="UsedIn" Val="simulation"/>
      </FileInfo>
    </File>
    <File Path="$PSRCDIR/sources_1/new/TopLevelModule.v">
      <FileInfo>
        <Attr Name="UsedIn" Val="synthesis"/>
        <Attr Name="UsedIn" Val="implementation"/>
        <Attr Name="UsedIn" Val="simulation"/>
      </FileInfo>
    </File>
    <File Path="$PSRCDIR/sources_1/new/obstacle+generate.v">
      <FileInfo>
        <Attr Name="AutoDisabled" Val="1"/>
        <Attr Name="UsedIn" Val="synthesis"/>
        <Attr Name="UsedIn" Val="implementation"/>
        <Attr Name="UsedIn" Val="simulation"/>
      </FileInfo>
    </File>
    <File Path="$PSRCDIR/sources_1/new/main_game.v">
      <FileInfo>
        <Attr Name="AutoDisabled" Val="1"/>
        <Attr Name="UsedIn" Val="synthesis"/>
        <Attr Name="UsedIn" Val="implementation"/>
        <Attr Name="UsedIn" Val="simulation"/>
      </FileInfo>
    </File>
    <Config>
      <Option Name="DesignMode" Val="RTL"/>
      <Option Name="TopModule" Val="TopLevelModule"/>
    </Config>
  </FileSet>
  <FileSet Name="constrs_in" Type="Constrs" RelSrcDir="$PSRCDIR/constrs_1">
    <Filter Type="Constrs"/>
    <File Path="$PSRCDIR/constrs_1/new/vga_connector.xdc">
      <FileInfo>
        <Attr Name="UsedIn" Val="synthesis"/>
        <Attr Name="UsedIn" Val="implementation"/>
      </FileInfo>
    </File>
    <Config>
      <Option Name="TargetConstrsFile" Val="$PSRCDIR/constrs_1/new/vga_connector.xdc"/>
      <Option Name="ConstrsType" Val="XDC"/>
    </Config>
  </FileSet>
  <FileSet Name="utils" Type="Utils" RelSrcDir="$PSRCDIR/utils_1">
    <Filter Type="Utils"/>
    <Config>
      <Option Name="TopAutoSet" Val="TRUE"/>
    </Config>
  </FileSet>
  <Strategy Version="1" Minor="2">
    <StratHandle Name="Vivado Implementation Defaults" Flow="Vivado Implementation 2020"/>
    <Step Id="init_design"/>
    <Step Id="opt_design"/>
    <Step Id="power_opt_design"/>
    <Step Id="place_design"/>
    <Step Id="post_place_power_opt_design"/>
    <Step Id="phys_opt_design"/>
    <Step Id="route_design"/>
    <Step Id="post_route_phys_opt_design"/>
    <Step Id="write_bitstream"/>
  </Strategy>
</GenRun>
